-- phpMyAdmin SQL Dump
-- version 4.0.10
-- http://www.phpmyadmin.net
--
-- Хост: 127.0.0.1:3306
-- Время создания: Ноя 07 2014 г., 03:38
-- Версия сервера: 5.5.35-log
-- Версия PHP: 5.4.22

SET SQL_MODE = "NO_AUTO_VALUE_ON_ZERO";
SET time_zone = "+00:00";


/*!40101 SET @OLD_CHARACTER_SET_CLIENT=@@CHARACTER_SET_CLIENT */;
/*!40101 SET @OLD_CHARACTER_SET_RESULTS=@@CHARACTER_SET_RESULTS */;
/*!40101 SET @OLD_COLLATION_CONNECTION=@@COLLATION_CONNECTION */;
/*!40101 SET NAMES utf8 */;

--
-- База данных: `csm_db`
--

-- --------------------------------------------------------

--
-- Структура таблицы `appointment`
--

CREATE TABLE IF NOT EXISTS `appointment` (
  `id` int(11) NOT NULL AUTO_INCREMENT,
  `name` varchar(255) DEFAULT NULL,
  PRIMARY KEY (`id`),
  UNIQUE KEY `UK_appointment_name` (`name`)
) ENGINE=InnoDB  DEFAULT CHARSET=utf8 AVG_ROW_LENGTH=655 AUTO_INCREMENT=26 ;

--
-- Дамп данных таблицы `appointment`
--

INSERT INTO `appointment` (`id`, `name`) VALUES
(1, 'Call-Центр'),
(2, 'IT-отдел'),
(3, 'Аптека Б.Хмельницкого'),
(4, 'Аптека на Трифонова'),
(5, 'Аптека на ул.Войкова,55'),
(6, 'Аптека ул Котовского 19'),
(7, 'АУП'),
(8, 'АХЧ'),
(9, 'Косметология'),
(10, 'Лаборатория'),
(11, 'ОВП 2'),
(12, 'ОВП 3'),
(13, 'ОВП 4'),
(14, 'ОВП 6'),
(15, 'ОВП 7'),
(16, 'ОВП 8'),
(17, 'ОВП 9'),
(18, 'ОВП 9-2'),
(19, 'ОВП 9-3'),
(20, 'ОтУзСп'),
(21, 'Подразделение'),
(22, 'Салон Красоты'),
(23, 'Стоматологическая поликлиника'),
(24, 'ФАП'),
(25, 'ЦКБ');

-- --------------------------------------------------------

--
-- Структура таблицы `ci_sessions`
--

CREATE TABLE IF NOT EXISTS `ci_sessions` (
  `session_id` varchar(40) NOT NULL,
  `ip_address` varchar(45) NOT NULL,
  `user_agent` varchar(120) NOT NULL,
  `last_activity` int(10) unsigned NOT NULL,
  `user_data` text NOT NULL,
  PRIMARY KEY (`session_id`),
  KEY `last_activity_idx` (`last_activity`)
) ENGINE=InnoDB DEFAULT CHARSET=utf8;

--
-- Дамп данных таблицы `ci_sessions`
--

INSERT INTO `ci_sessions` (`session_id`, `ip_address`, `user_agent`, `last_activity`, `user_data`) VALUES
('3778c2173be49cef81711ad8c3069b7e', '127.0.0.1', 'Mozilla/5.0 (Windows NT 6.2; WOW64) AppleWebKit/537.36 (KHTML, like Gecko) Chrome/38.0.2125.111 Safari/537.36', 1415316561, 'a:7:{s:9:"user_data";s:0:"";s:8:"is_admin";b:1;s:5:"login";s:5:"admin";s:5:"email";s:14:"admin@admin.ru";s:7:"id_user";s:2:"12";s:5:"group";s:1:"1";s:8:"loggedin";b:1;}');

-- --------------------------------------------------------

--
-- Структура таблицы `groups`
--

CREATE TABLE IF NOT EXISTS `groups` (
  `id_group` int(11) NOT NULL AUTO_INCREMENT,
  `name` varchar(50) NOT NULL,
  `parent_id` int(11) NOT NULL DEFAULT '0',
  `public` enum('0','1') NOT NULL,
  PRIMARY KEY (`id_group`)
) ENGINE=InnoDB  DEFAULT CHARSET=utf8 AUTO_INCREMENT=6 ;

--
-- Дамп данных таблицы `groups`
--

INSERT INTO `groups` (`id_group`, `name`, `parent_id`, `public`) VALUES
(1, 'Администратор', 0, '0'),
(2, 'Модератор', 0, '0'),
(3, 'Сотрудник ЦСМ', 0, '1'),
(4, 'Пользователь', 0, '1'),
(5, 'Гость', 0, '1');

-- --------------------------------------------------------

--
-- Структура таблицы `localis`
--

CREATE TABLE IF NOT EXISTS `localis` (
  `name` varchar(255) DEFAULT NULL
) ENGINE=InnoDB DEFAULT CHARSET=utf8 AVG_ROW_LENGTH=712;

--
-- Дамп данных таблицы `localis`
--

INSERT INTO `localis` (`name`) VALUES
('Call-Центр'),
('IT-отдел'),
('Аптека Б.Хмельницкого'),
('Аптека на Трифонова'),
('Аптека на ул.Войкова,55'),
('Аптека ул Котовского 19'),
('АХЧ'),
('Косметология'),
('Лаборатория'),
('ОВП 2'),
('ОВП 3'),
('ОВП 4'),
('ОВП 6'),
('ОВП 7'),
('ОВП 8'),
('ОВП 9'),
('ОВП 9-2'),
('ОВП 9-3'),
('ОтУзСп'),
('Салон Красоты'),
('Стоматологическая поликлиника'),
('ФАП'),
('ЦКБ');

-- --------------------------------------------------------

--
-- Структура таблицы `migrations`
--

CREATE TABLE IF NOT EXISTS `migrations` (
  `version` int(3) NOT NULL
) ENGINE=InnoDB DEFAULT CHARSET=utf8;

--
-- Дамп данных таблицы `migrations`
--

INSERT INTO `migrations` (`version`) VALUES
(0);

-- --------------------------------------------------------

--
-- Структура таблицы `pages`
--

CREATE TABLE IF NOT EXISTS `pages` (
  `id_page` int(11) NOT NULL AUTO_INCREMENT,
  `title` varchar(255) DEFAULT NULL,
  `url` varchar(255) DEFAULT NULL,
  `section` enum('top','left','right','bottom') DEFAULT NULL,
  `status` enum('0','1') DEFAULT '1',
  `text` text,
  PRIMARY KEY (`id_page`)
) ENGINE=InnoDB  DEFAULT CHARSET=utf8 AVG_ROW_LENGTH=2730 COMMENT='Страницы' AUTO_INCREMENT=7 ;

--
-- Дамп данных таблицы `pages`
--

INSERT INTO `pages` (`id_page`, `title`, `url`, `section`, `status`, `text`) VALUES
(1, 'Главная', 'main', 'top', '1', 'Текст Главной страницы'),
(2, 'Новости', 'news', 'top', '1', 'Текст страницы Новостей\r\n'),
(3, 'О нас', 'about\r\n', 'top', '1', 'текст страници о нас'),
(4, 'Контакты', 'contact', 'top', '1', 'текст страницы контакты'),
(5, 'Войти\r\n', 'login\r\n', 'right', '1', 'Авторизация'),
(6, 'Регистрация', 'registration', 'right', '1', 'Страница регистрации\r\n');

-- --------------------------------------------------------

--
-- Структура таблицы `prof`
--

CREATE TABLE IF NOT EXISTS `prof` (
  `Column2` varchar(255) DEFAULT NULL
) ENGINE=InnoDB DEFAULT CHARSET=utf8 AVG_ROW_LENGTH=153;

--
-- Дамп данных таблицы `prof`
--

INSERT INTO `prof` (`Column2`) VALUES
('PR менеджер'),
('Web-программист'),
('Администратор'),
('Администратор (Мед.регистратор)'),
('Администратор лаборатории'),
('Ассистент'),
('Бухгалтер'),
('Вахтер'),
('Веб - архитектор'),
('Водитель'),
('Врач - акушер - гинеколог'),
('Врач - аллерголог - иммунолог'),
('Врач - анестезиолог - реаниматолог'),
('Врач - гастроэнтеролог'),
('Врач - дерматовенеролог'),
('Врач - невролог'),
('Врач - оториноларинголог'),
('Врач - офтальмолог'),
('Врач - педиатр'),
('Врач - психиатр'),
('Врач - психиатр - нарколог'),
('Врач - рентгенолог'),
('Врач - стоматолог - ортопед'),
('Врач - стоматолог - терапевт'),
('Врач - стоматолог - хирург'),
('Врач - терапевт'),
('Врач - терапевт участковый'),
('Врач - травматолог - ортопед'),
('Врач - уролог'),
('Врач - хирург'),
('Врач - эндокринолог'),
('Врач -инфекционист'),
('Врач клинической лабораторной диагностики'),
('Врач общей практики (семейный врач)'),
('Врач ультразвуковой диагностики'),
('Гардеробщик'),
('Главный бухгалтер'),
('Главный врач'),
('Дворник'),
('Дизайнер'),
('Директор'),
('Диспетчер экстренной службы'),
('Заведующая аптекой'),
('Заведующая физио - терапевтическим отделением'),
('Заведующий административно - хозяйственной частью'),
('Заведующий лаборатории'),
('Заместитель главного бухгалтера'),
('Заместитель главного врача'),
('Заместитель главного врача по контролю качества и экспертизе'),
('Заместитель главного врача по педиатрии, врач -педиатр'),
('Заместитель директора'),
('Заместитель директора по АХЧ'),
('Заместитель директора по организационно-методической работе'),
('Заместитель директора по персоналу'),
('Заместитель директора по работе со страховыми компаниями'),
('Заместитель заведующего лаборатории'),
('инженер администативно - хозяйственного отдела'),
('Инженер по медицинской технике'),
('Инженер-программист'),
('Косметолог'),
('Лаборант'),
('Лаборант-биолог'),
('массажист'),
('Мастер маникюра и педикюра'),
('Мастер по маникюру'),
('Медицинская сестра'),
('Медицинская сестра общей практики'),
('Медицинская сестра по массажу'),
('Менеджер'),
('Менеджер по рекламе'),
('Менеджер по снабжению'),
('Менеджер по туризму'),
('Начальник IT-отдела'),
('Начальник отдела АСУ'),
('Начальник отдела по работе с юридическими лицами'),
('Начальник юридического отдела'),
('Офис - менеджер'),
('Помощник врача'),
('Помощник семейного врача'),
('Провизор'),
('Программист'),
('Программист 1-С'),
('Разнорабочий'),
('Руководитель лаборатории  аттестации рабочих мест'),
('Руководитель отдела медицинского и оздоровительного туризма'),
('Руководитель проекта'),
('Руководитель салона красоты'),
('Санитарка'),
('Санитарка клинической лаборатории'),
('Санитарка ЦСО'),
('Системный администратор'),
('Слесарь - сантехник'),
('Специалист испытательной лаборатории'),
('Специалист по кадрам'),
('Старшая медицинская сестра'),
('Старший администратор'),
('Старший парикмахер'),
('Сторож'),
('Уборщик помещений'),
('Фармацевт'),
('Фельдшер'),
('Финансовый директор'),
('Экономист'),
('Электрик'),
('Эмбриолог'),
('Энергетик'),
('Юрист');

-- --------------------------------------------------------

--
-- Структура таблицы `profession`
--

CREATE TABLE IF NOT EXISTS `profession` (
  `id` int(11) NOT NULL AUTO_INCREMENT,
  `name` varchar(255) DEFAULT NULL,
  `status` enum('0','1') NOT NULL DEFAULT '1',
  PRIMARY KEY (`id`),
  UNIQUE KEY `UK_profession_name` (`name`)
) ENGINE=InnoDB  DEFAULT CHARSET=utf8 AVG_ROW_LENGTH=151 AUTO_INCREMENT=109 ;

--
-- Дамп данных таблицы `profession`
--

INSERT INTO `profession` (`id`, `name`, `status`) VALUES
(1, 'PR менеджер', '1'),
(2, 'Web-программист', '1'),
(3, 'Администратор', '1'),
(4, 'Администратор (Мед.регистратор)', '1'),
(5, 'Администратор лаборатории', '1'),
(6, 'Ассистент', '1'),
(7, 'Бухгалтер', '1'),
(8, 'Вахтер', '1'),
(9, 'Веб - архитектор', '1'),
(10, 'Водитель', '1'),
(11, 'Врач - акушер - гинеколог', '1'),
(12, 'Врач - аллерголог - иммунолог', '1'),
(13, 'Врач - анестезиолог - реаниматолог', '1'),
(14, 'Врач - гастроэнтеролог', '1'),
(15, 'Врач - дерматовенеролог', '1'),
(16, 'Врач - невролог', '1'),
(17, 'Врач - оториноларинголог', '1'),
(18, 'Врач - офтальмолог', '1'),
(19, 'Врач - педиатр', '1'),
(20, 'Врач - психиатр', '1'),
(21, 'Врач - психиатр - нарколог', '1'),
(22, 'Врач - рентгенолог', '1'),
(23, 'Врач - стоматолог - ортопед', '1'),
(24, 'Врач - стоматолог - терапевт', '1'),
(25, 'Врач - стоматолог - хирург', '1'),
(26, 'Врач - терапевт', '1'),
(27, 'Врач - терапевт участковый', '1'),
(28, 'Врач - травматолог - ортопед', '1'),
(29, 'Врач - уролог', '1'),
(30, 'Врач - хирург', '1'),
(31, 'Врач - эндокринолог', '1'),
(32, 'Врач -инфекционист', '1'),
(33, 'Врач клинической лабораторной диагностики', '1'),
(34, 'Врач общей практики (семейный врач)', '1'),
(35, 'Врач ультразвуковой диагностики', '1'),
(36, 'Гардеробщик', '1'),
(37, 'Главный бухгалтер', '1'),
(38, 'Главный врач', '1'),
(39, 'Дворник', '1'),
(40, 'Дизайнер', '1'),
(41, 'Директор', '1'),
(42, 'Диспетчер экстренной службы', '1'),
(43, 'Должность', '1'),
(44, 'Заведующая аптекой', '1'),
(45, 'Заведующая физио - терапевтическим отделением', '1'),
(46, 'Заведующий административно - хозяйственной частью', '1'),
(47, 'Заведующий лаборатории', '1'),
(48, 'Заместитель главного бухгалтера', '1'),
(49, 'Заместитель главного врача', '1'),
(50, 'Заместитель главного врача по контролю качества и экспертизе', '1'),
(51, 'Заместитель главного врача по педиатрии, врач -педиатр', '1'),
(52, 'Заместитель директора', '1'),
(53, 'Заместитель директора по АХЧ', '1'),
(54, 'Заместитель директора по организационно-методической работе', '1'),
(55, 'Заместитель директора по персоналу', '1'),
(56, 'Заместитель директора по работе со страховыми компаниями', '1'),
(57, 'Заместитель заведующего лаборатории', '1'),
(58, 'инженер администативно - хозяйственного отдела', '1'),
(59, 'Инженер по медицинской технике', '1'),
(60, 'Инженер-программист', '1'),
(61, 'Косметолог', '1'),
(62, 'Лаборант', '1'),
(63, 'Лаборант-биолог', '1'),
(64, 'массажист', '1'),
(65, 'Мастер маникюра и педикюра', '1'),
(66, 'Мастер по маникюру', '1'),
(67, 'Медицинская сестра', '1'),
(68, 'Медицинская сестра общей практики', '1'),
(69, 'Медицинская сестра по массажу', '1'),
(70, 'Менеджер', '1'),
(71, 'Менеджер по рекламе', '1'),
(72, 'Менеджер по снабжению', '1'),
(73, 'Менеджер по туризму', '1'),
(74, 'Начальник IT-отдела', '1'),
(75, 'Начальник отдела АСУ', '1'),
(76, 'Начальник отдела по работе с юридическими лицами', '1'),
(77, 'Начальник юридического отдела', '1'),
(78, 'Офис - менеджер', '1'),
(79, 'Помощник врача', '1'),
(80, 'Помощник семейного врача', '1'),
(81, 'Провизор', '1'),
(82, 'Программист', '1'),
(83, 'Программист 1-С', '1'),
(84, 'Разнорабочий', '1'),
(85, 'Руководитель лаборатории  аттестации рабочих мест', '1'),
(86, 'Руководитель отдела медицинского и оздоровительного туризма', '1'),
(87, 'Руководитель проекта', '1'),
(88, 'Руководитель салона красоты', '1'),
(89, 'Санитарка', '1'),
(90, 'Санитарка клинической лаборатории', '1'),
(91, 'Санитарка ЦСО', '1'),
(92, 'Системный администратор', '1'),
(93, 'Слесарь - сантехник', '1'),
(94, 'Специалист испытательной лаборатории', '1'),
(95, 'Специалист по кадрам', '1'),
(96, 'Старшая медицинская сестра', '1'),
(97, 'Старший администратор', '1'),
(98, 'Старший парикмахер', '1'),
(99, 'Сторож', '1'),
(100, 'Уборщик помещений', '1'),
(101, 'Фармацевт', '1'),
(102, 'Фельдшер', '1'),
(103, 'Финансовый директор', '1'),
(104, 'Экономист', '1'),
(105, 'Электрик', '1'),
(106, 'Эмбриолог', '1'),
(107, 'Энергетик', '1'),
(108, 'Юрист', '1');

-- --------------------------------------------------------

--
-- Структура таблицы `users`
--

CREATE TABLE IF NOT EXISTS `users` (
  `id_user` int(10) unsigned NOT NULL AUTO_INCREMENT,
  `id_groups` int(11) DEFAULT NULL,
  `login` varchar(255) DEFAULT NULL,
  `email` varchar(50) DEFAULT NULL,
  `password` varchar(254) DEFAULT NULL,
  `id_role` int(11) DEFAULT '0',
  `id_data` int(11) DEFAULT NULL,
  `status` enum('0','1') DEFAULT NULL,
  `profession` varchar(255) DEFAULT NULL,
  `id_appoint` int(11) DEFAULT NULL,
  `name` varchar(50) DEFAULT NULL,
  `surname` varchar(255) DEFAULT NULL,
  `patronymic` varchar(255) DEFAULT NULL,
  `hash` varchar(255) DEFAULT NULL,
  `created` datetime DEFAULT NULL,
  `modified` datetime DEFAULT NULL,
  PRIMARY KEY (`id_user`),
  KEY `FK_users_appointment_id` (`id_appoint`)
) ENGINE=InnoDB  DEFAULT CHARSET=utf8 AVG_ROW_LENGTH=2730 COMMENT='таблица пользователей' AUTO_INCREMENT=18 ;

--
-- Дамп данных таблицы `users`
--

INSERT INTO `users` (`id_user`, `id_groups`, `login`, `email`, `password`, `id_role`, `id_data`, `status`, `profession`, `id_appoint`, `name`, `surname`, `patronymic`, `hash`, `created`, `modified`) VALUES
(1, 4, 'Гость', 'zxczx', '', 0, NULL, '1', '0', NULL, 'gdfgdfg', 'dfg', '', 'dsfsdfdfsdfsdfdsfsdfdsf', '2014-11-04 00:36:15', '2014-11-04 00:36:15'),
(2, 1, 'Сотрудник ЦСМ', 'klnklk', '', 0, NULL, '1', 'Веб - архитектор', NULL, 'fdgmdm.m', 'lkjljljkljl', 'nlkjnklj', 'dsfsdfdfsdfsdfdsfsdfdsf', '2014-11-04 00:37:52', '2014-11-04 00:37:52'),
(7, 1, 'Сотрудник ЦСМ', 'sdfsd', '', 0, NULL, '1', '0', NULL, 'dfdsf', 'sdfsdf', 'sdfsdf', 'dsfsdfdfsdfsdfdsfsdfdsf', '2014-11-04 00:55:44', '2014-11-04 00:55:44'),
(8, 1, 'Сотрудник ЦСМ', 'sdfsd', '', 0, NULL, '1', '0', NULL, 'dfdsf', 'sdfsdf', 'sdfsdf', 'dsfsdfdfsdfsdfdsfsdfdsf', '2014-11-04 00:56:12', '2014-11-04 00:56:12'),
(9, 0, 'Гость', '', '', 0, NULL, '1', '0', NULL, '', '', '', 'dsfsdfdfsdfsdfdsfsdfdsf', '2014-11-04 02:07:23', '2014-11-04 02:07:23'),
(10, 3, 'Гость', 'dfgdfg', '', 0, NULL, '1', '0', NULL, 'gdfgdf', 'dfgfdg', '', 'dsfsdfdfsdfsdfdsfsdfdsf', '2014-11-04 02:30:22', '2014-11-04 02:30:22'),
(11, 1, 'Сотрудник ЦСМ', 'dfgfdgd', '', 0, NULL, '1', 'Врач - акушер - гинеколог', NULL, 'gdfgdfgdf', 'dfgdfgdf', 'gdfgdfgfd', 'dsfsdfdfsdfsdfdsfsdfdsf', '2014-11-04 22:29:26', '2014-11-04 22:29:26'),
(12, 1, 'admin', 'admin@admin.ru', '976210a5f722fc1e08cced0fd7910c7877f86d5d9e7c17d0799561ece324da3c08f45ce18958f7fe539401f22e3a729055f9b8e3de14d2fc6db08fdd74733788', 0, NULL, '1', '3', NULL, 'Dmitry', 'Krivoshein', 'Vitalevich', NULL, NULL, NULL),
(13, 1, 'Сотрудник ЦСМ', '', '', 0, NULL, '1', 'Администратор (Мед.регистратор)', NULL, '', '', '', 'dsfsdfdfsdfsdfdsfsdfdsf', '2014-11-05 06:40:24', '2014-11-05 06:40:24'),
(14, 0, 'Гость', 'admin@admin.ru', '', 0, NULL, '1', '0', NULL, '', '', '', 'dsfsdfdfsdfsdfdsfsdfdsf', '2014-11-05 06:40:54', '2014-11-05 06:40:54'),
(15, 0, 'Гость', 'admin@admin.ru', '', 0, NULL, '1', '0', NULL, '', '', '', 'dsfsdfdfsdfsdfdsfsdfdsf', '2014-11-05 06:41:20', '2014-11-05 06:41:20'),
(16, 3, 'Гость', 'kdes70@mail.ru', '', 0, NULL, '1', 'Web-программист', NULL, 'sadfsdf', 'sdffdsfsd', '', 'dsfsdfdfsdfsdfdsfsdfdsf', '2014-11-05 23:58:48', '2014-11-05 23:58:48'),
(17, 4, 'des', 'kdes@mail.ru', '976210a5f722fc1e08cced0fd7910c7877f86d5d9e7c17d0799561ece324da3c08f45ce18958f7fe539401f22e3a729055f9b8e3de14d2fc6db08fdd74733788', 0, NULL, '1', NULL, NULL, 'dima', 'krivoshein', 'vitalevich', NULL, '2014-11-18 00:00:00', '2014-11-20 00:00:00');

-- --------------------------------------------------------

--
-- Структура таблицы `Новый4`
--

CREATE TABLE IF NOT EXISTS `Новый4` (
  `Column1` varchar(255) DEFAULT NULL,
  `Column2` varchar(255) DEFAULT NULL
) ENGINE=InnoDB DEFAULT CHARSET=utf8 AVG_ROW_LENGTH=107;

--
-- Дамп данных таблицы `Новый4`
--

INSERT INTO `Новый4` (`Column1`, `Column2`) VALUES
('Call-Центр', 'Диспетчер экстренной службы'),
('IT-отдел', 'Системный администратор'),
('IT-отдел', 'Web-программист'),
('IT-отдел', 'Инженер-программист'),
('IT-отдел', 'Веб - архитектор'),
('IT-отдел', 'Программист 1-С'),
('IT-отдел', 'Начальник IT-отдела'),
('IT-отдел', 'Программист'),
('Аптека Б.Хмельницкого', 'Провизор'),
('Аптека на Трифонова', 'Фармацевт'),
('Аптека на ул.Войкова,55', 'Фармацевт'),
('Аптека на ул.Войкова,55', 'Заведующая аптекой'),
('Аптека ул Котовского 19', 'Фармацевт'),
('Аптека ул Котовского 19', 'Фармацевт'),
('АУП', 'Главный бухгалтер'),
('АУП', 'Фармацевт'),
('АУП', 'Заведующая аптекой'),
('АУП', 'Заместитель директора'),
('АУП', 'Заведующая аптекой'),
('АУП', 'Директор'),
('АУП', 'Менеджер'),
('АУП', 'Менеджер'),
('АУП', 'Заместитель директора по организационно-методической работе'),
('АУП', 'Дизайнер'),
('АУП', 'Менеджер по туризму'),
('АУП', 'Менеджер по снабжению'),
('АУП', 'Начальник юридического отдела'),
('АУП', 'Менеджер'),
('АУП', 'Заместитель директора по АХЧ'),
('АУП', 'Менеджер'),
('АУП', 'Специалист испытательной лаборатории'),
('АУП', 'Специалист испытательной лаборатории'),
('АУП', 'PR менеджер'),
('АУП', 'Водитель'),
('АУП', 'Менеджер'),
('АУП', 'Заместитель главного бухгалтера'),
('АУП', 'Уборщик помещений'),
('АУП', 'Заместитель директора по персоналу'),
('АУП', 'Менеджер'),
('АУП', 'Руководитель отдела медицинского и оздоровительного туризма'),
('АУП', 'Начальник отдела АСУ'),
('АУП', 'Юрист'),
('АУП', 'Начальник юридического отдела'),
('АУП', 'Менеджер'),
('АУП', 'Менеджер'),
('АУП', 'Менеджер'),
('АУП', 'Менеджер по снабжению'),
('АУП', 'Системный администратор'),
('АУП', 'Энергетик'),
('АУП', 'Менеджер'),
('АУП', 'Менеджер'),
('АУП', 'Главный бухгалтер'),
('АУП', 'Руководитель лаборатории  аттестации рабочих мест'),
('АУП', 'Директор'),
('АУП', 'PR менеджер'),
('АУП', 'Заместитель директора по работе со страховыми компаниями'),
('АУП', 'Главный бухгалтер'),
('АУП', 'Менеджер'),
('АУП', 'Бухгалтер'),
('АУП', 'Юрист'),
('АУП', 'PR менеджер'),
('АУП', 'Заместитель главного бухгалтера'),
('АУП', 'Системный администратор'),
('АУП', 'Системный администратор'),
('АУП', 'Старший администратор'),
('АУП', 'Водитель'),
('АУП', 'Заместитель директора'),
('АУП', 'Бухгалтер'),
('АУП', 'Начальник отдела по работе с юридическими лицами'),
('АУП', 'Водитель'),
('АУП', 'Специалист по кадрам'),
('АУП', 'Заместитель главного бухгалтера'),
('АУП', 'Бухгалтер'),
('АУП', 'Менеджер'),
('АУП', 'Заведующая физио - терапевтическим отделением'),
('АУП', 'PR менеджер'),
('АУП', 'Менеджер'),
('АУП', 'Бухгалтер'),
('АУП', 'Менеджер'),
('АУП', 'Специалист по кадрам'),
('АУП', 'Дизайнер'),
('АУП', 'Дизайнер'),
('АУП', 'Офис - менеджер'),
('АУП', 'Директор'),
('АУП', 'Менеджер по рекламе'),
('АУП', 'Начальник IT-отдела'),
('АУП', 'Главный бухгалтер'),
('АУП', 'Менеджер'),
('АУП', 'Дизайнер'),
('АУП', 'Главный врач'),
('АУП', 'Старший администратор'),
('АУП', 'Директор'),
('АУП', 'Администратор'),
('АУП', 'Администратор'),
('АУП', 'Врач общей практики (семейный врач)'),
('АУП', 'Главный врач'),
('АУП', 'Фельдшер'),
('АУП', 'Водитель'),
('АУП', 'Заместитель главного бухгалтера'),
('АУП', 'Бухгалтер'),
('АУП', 'Водитель'),
('АУП', 'Экономист'),
('АУП', 'Главный бухгалтер'),
('АУП', 'Водитель'),
('АУП', 'Заместитель главного бухгалтера'),
('АУП', 'Администратор (Мед.регистратор)'),
('АУП', 'Заместитель директора'),
('АУП', 'Менеджер'),
('АУП', 'Заместитель главного врача по контролю качества и экспертизе'),
('АУП', 'Заместитель главного врача'),
('АУП', 'Директор'),
('АХЧ', 'Заведующий административно - хозяйственной частью'),
('АХЧ', 'Электрик'),
('АХЧ', 'Инженер по медицинской технике'),
('АХЧ', 'Электрик'),
('АХЧ', 'Водитель'),
('АХЧ', 'Водитель'),
('АХЧ', 'инженер администативно - хозяйственного отдела'),
('АХЧ', 'Заведующий административно - хозяйственной частью'),
('Косметология', 'Косметолог'),
('Косметология', 'Косметолог'),
('Косметология', 'Врач - хирург'),
('Косметология', 'Медицинская сестра по массажу'),
('Косметология', 'Косметолог'),
('Косметология', 'Косметолог'),
('Косметология', 'Врач - дерматовенеролог'),
('Лаборатория', 'Лаборант'),
('Лаборатория', 'Лаборант'),
('Лаборатория', 'Санитарка'),
('Лаборатория', 'Врач клинической лабораторной диагностики'),
('Лаборатория', 'Лаборант-биолог'),
('Лаборатория', 'Врач клинической лабораторной диагностики'),
('Лаборатория', 'Лаборант'),
('Лаборатория', 'Санитарка клинической лаборатории'),
('Лаборатория', 'Лаборант-биолог'),
('Лаборатория', 'Лаборант'),
('Лаборатория', 'Администратор лаборатории'),
('Лаборатория', 'Лаборант'),
('Лаборатория', 'Администратор лаборатории'),
('Лаборатория', 'Санитарка'),
('Лаборатория', 'Администратор лаборатории'),
('Лаборатория', 'Администратор лаборатории'),
('Лаборатория', 'Врач клинической лабораторной диагностики'),
('Лаборатория', 'Администратор'),
('Лаборатория', 'Санитарка'),
('Лаборатория', 'Администратор лаборатории'),
('Лаборатория', 'Врач клинической лабораторной диагностики'),
('Лаборатория', 'Заместитель заведующего лаборатории'),
('Лаборатория', 'Заведующий лаборатории'),
('ОВП 2', 'Медицинская сестра по массажу'),
('ОВП 2', 'Врач - акушер - гинеколог'),
('ОВП 2', 'Администратор'),
('ОВП 2', 'Администратор'),
('ОВП 2', 'Санитарка'),
('ОВП 2', 'Слесарь - сантехник'),
('ОВП 2', 'Сторож'),
('ОВП 2', 'Санитарка клинической лаборатории'),
('ОВП 2', 'Администратор'),
('ОВП 2', 'Санитарка'),
('ОВП 2', 'Врач - акушер - гинеколог'),
('ОВП 2', 'Администратор'),
('ОВП 2', 'Врач - акушер - гинеколог'),
('ОВП 2', 'Медицинская сестра'),
('ОВП 2', 'Гардеробщик'),
('ОВП 2', 'Администратор'),
('ОВП 2', 'Санитарка'),
('ОВП 2', 'Медицинская сестра'),
('ОВП 2', 'Администратор'),
('ОВП 2', 'Дворник'),
('ОВП 2', 'Гардеробщик'),
('ОВП 2', 'Санитарка'),
('ОВП 2', 'Администратор'),
('ОВП 2', 'Администратор'),
('ОВП 2', 'Помощник семейного врача'),
('ОВП 2', 'Санитарка'),
('ОВП 2', 'Врач общей практики (семейный врач)'),
('ОВП 2', 'Администратор (Мед.регистратор)'),
('ОВП 2', 'Медицинская сестра общей практики'),
('ОВП 2', 'Медицинская сестра общей практики'),
('ОВП 2', 'Водитель'),
('ОВП 2', 'Медицинская сестра общей практики'),
('ОВП 2', 'Медицинская сестра общей практики'),
('ОВП 2', 'Медицинская сестра'),
('ОВП 2', 'Администратор (Мед.регистратор)'),
('ОВП 2', 'Врач общей практики (семейный врач)'),
('ОВП 2', 'Администратор'),
('ОВП 2', 'Врач общей практики (семейный врач)'),
('ОВП 2', 'Врач -инфекционист'),
('ОВП 3', 'Врач - акушер - гинеколог'),
('ОВП 3', 'Администратор'),
('ОВП 3', 'Медицинская сестра'),
('ОВП 3', 'Медицинская сестра'),
('ОВП 3', 'Врач - акушер - гинеколог'),
('ОВП 3', 'Санитарка'),
('ОВП 3', 'Медицинская сестра'),
('ОВП 3', 'Врач - акушер - гинеколог'),
('ОВП 3', 'Дворник'),
('ОВП 3', 'Администратор'),
('ОВП 3', 'Врач общей практики (семейный врач)'),
('ОВП 3', 'Администратор'),
('ОВП 3', 'Врач - терапевт'),
('ОВП 3', 'Санитарка'),
('ОВП 3', 'Санитарка'),
('ОВП 3', 'Медицинская сестра'),
('ОВП 3', 'Администратор'),
('ОВП 3', 'Администратор'),
('ОВП 3', 'Помощник семейного врача'),
('ОВП 3', 'Администратор'),
('ОВП 3', 'Администратор'),
('ОВП 3', 'Администратор'),
('ОВП 3', 'Медицинская сестра общей практики'),
('ОВП 3', 'Медицинская сестра общей практики'),
('ОВП 3', 'Врач - психиатр - нарколог'),
('ОВП 3', 'Медицинская сестра'),
('ОВП 3', 'Водитель'),
('ОВП 3', 'Медицинская сестра'),
('ОВП 3', 'Медицинская сестра общей практики'),
('ОВП 3', 'Медицинская сестра'),
('ОВП 3', 'Врач - педиатр'),
('ОВП 3', 'Врач общей практики (семейный врач)'),
('ОВП 3', 'Медицинская сестра'),
('ОВП 3', 'Медицинская сестра общей практики'),
('ОВП 4', 'Санитарка'),
('ОВП 4', 'Администратор'),
('ОВП 4', 'Врач общей практики (семейный врач)'),
('ОВП 4', 'Разнорабочий'),
('ОВП 4', 'Старшая медицинская сестра'),
('ОВП 4', 'Администратор'),
('ОВП 4', 'Водитель'),
('ОВП 4', 'Администратор'),
('ОВП 4', 'Медицинская сестра'),
('ОВП 4', 'Помощник семейного врача'),
('ОВП 4', 'Медицинская сестра'),
('ОВП 4', 'Санитарка'),
('ОВП 4', 'Медицинская сестра'),
('ОВП 4', 'Администратор (Мед.регистратор)'),
('ОВП 4', 'Медицинская сестра общей практики'),
('ОВП 4', 'Врач общей практики (семейный врач)'),
('ОВП 4', 'Медицинская сестра общей практики'),
('ОВП 4', 'Врач общей практики (семейный врач)'),
('ОВП 4', 'Медицинская сестра общей практики'),
('ОВП 4', 'Медицинская сестра общей практики'),
('ОВП 4', 'Врач - акушер - гинеколог'),
('ОВП 4', 'Врач - акушер - гинеколог'),
('ОВП 4', 'Медицинская сестра общей практики'),
('ОВП 4', 'Медицинская сестра общей практики'),
('ОВП 4', 'Медицинская сестра общей практики'),
('ОВП 4', 'Медицинская сестра'),
('ОВП 4', 'Администратор (Мед.регистратор)'),
('ОВП 6', 'Администратор'),
('ОВП 6', 'Врач - терапевт'),
('ОВП 6', 'Врач - гастроэнтеролог'),
('ОВП 6', 'Водитель'),
('ОВП 6', 'Вахтер'),
('ОВП 6', 'Гардеробщик'),
('ОВП 6', 'Гардеробщик'),
('ОВП 6', 'Гардеробщик'),
('ОВП 6', 'Помощник семейного врача'),
('ОВП 6', 'Администратор'),
('ОВП 6', 'Помощник врача'),
('ОВП 6', 'Гардеробщик'),
('ОВП 6', 'Гардеробщик'),
('ОВП 6', 'Администратор'),
('ОВП 6', 'Санитарка'),
('ОВП 6', 'Администратор'),
('ОВП 6', 'Санитарка'),
('ОВП 6', 'Администратор'),
('ОВП 6', 'Гардеробщик'),
('ОВП 6', 'Санитарка'),
('ОВП 6', 'Врач - акушер - гинеколог'),
('ОВП 6', 'Врач - акушер - гинеколог'),
('ОВП 6', 'Администратор'),
('ОВП 6', 'Врач -инфекционист'),
('ОВП 6', 'Водитель'),
('ОВП 6', 'Водитель'),
('ОВП 6', 'Медицинская сестра общей практики'),
('ОВП 6', 'Врач общей практики (семейный врач)'),
('ОВП 6', 'Медицинская сестра общей практики'),
('ОВП 6', 'Медицинская сестра общей практики'),
('ОВП 6', 'Администратор (Мед.регистратор)'),
('ОВП 6', 'Врач общей практики (семейный врач)'),
('ОВП 6', 'Врач общей практики (семейный врач)'),
('ОВП 6', 'Врач общей практики (семейный врач)'),
('ОВП 7', 'Водитель'),
('ОВП 7', 'Медицинская сестра'),
('ОВП 7', 'Дворник'),
('ОВП 7', 'Старший администратор'),
('ОВП 7', 'Гардеробщик'),
('ОВП 7', 'Гардеробщик'),
('ОВП 7', 'Врач - акушер - гинеколог'),
('ОВП 7', 'Врач - акушер - гинеколог'),
('ОВП 7', 'Медицинская сестра по массажу'),
('ОВП 7', 'Санитарка'),
('ОВП 7', 'Медицинская сестра'),
('ОВП 7', 'Врач общей практики (семейный врач)'),
('ОВП 7', 'Администратор'),
('ОВП 7', 'Помощник семейного врача'),
('ОВП 7', 'Администратор'),
('ОВП 7', 'Медицинская сестра'),
('ОВП 7', 'Врач общей практики (семейный врач)'),
('ОВП 7', 'Администратор'),
('ОВП 7', 'Администратор'),
('ОВП 7', 'Помощник семейного врача'),
('ОВП 7', 'Администратор'),
('ОВП 7', 'Администратор'),
('ОВП 7', 'Медицинская сестра общей практики'),
('ОВП 7', 'Медицинская сестра общей практики'),
('ОВП 7', 'Администратор (Мед.регистратор)'),
('ОВП 7', 'Врач общей практики (семейный врач)'),
('ОВП 7', 'Медицинская сестра общей практики'),
('ОВП 7', 'Медицинская сестра'),
('ОВП 7', 'Врач - психиатр - нарколог'),
('ОВП 7', 'Врач общей практики (семейный врач)'),
('ОВП 8', 'Врач - педиатр'),
('ОВП 8', 'Администратор'),
('ОВП 8', 'Дворник'),
('ОВП 8', 'Санитарка'),
('ОВП 8', 'Старший администратор'),
('ОВП 8', 'Администратор'),
('ОВП 8', 'Санитарка'),
('ОВП 8', 'Администратор'),
('ОВП 8', 'Медицинская сестра'),
('ОВП 8', 'Санитарка'),
('ОВП 8', 'Санитарка'),
('ОВП 8', 'Администратор'),
('ОВП 8', 'Администратор'),
('ОВП 8', 'Администратор'),
('ОВП 8', 'Администратор'),
('ОВП 8', 'Администратор'),
('ОВП 8', 'Врач - акушер - гинеколог'),
('ОВП 8', 'Врач - акушер - гинеколог'),
('ОВП 8', 'Врач - акушер - гинеколог'),
('ОВП 8', 'Врач - невролог'),
('ОВП 8', 'Администратор'),
('ОВП 8', 'Медицинская сестра общей практики'),
('ОВП 8', 'Врач общей практики (семейный врач)'),
('ОВП 8', 'Врач - терапевт'),
('ОВП 8', 'Водитель'),
('ОВП 9', 'Заместитель главного врача по педиатрии, врач -педиатр'),
('ОВП 9', 'Врач - рентгенолог'),
('ОВП 9', 'Водитель'),
('ОВП 9', 'Врач - дерматовенеролог'),
('ОВП 9', 'Врач - рентгенолог'),
('ОВП 9', 'Врач - хирург'),
('ОВП 9', 'Врач - рентгенолог'),
('ОВП 9', 'Врач общей практики (семейный врач)'),
('ОВП 9', 'Врач - рентгенолог'),
('ОВП 9-2', 'Врач - акушер - гинеколог'),
('ОВП 9-2', 'Врач - офтальмолог'),
('ОВП 9-2', 'Помощник врача'),
('ОВП 9-2', 'Лаборант'),
('ОВП 9-2', 'Водитель'),
('ОВП 9-2', 'Администратор'),
('ОВП 9-2', 'Администратор'),
('ОВП 9-2', 'Лаборант'),
('ОВП 9-2', 'Администратор'),
('ОВП 9-2', 'Администратор'),
('ОВП 9-2', 'Врач - дерматовенеролог'),
('ОВП 9-2', 'Администратор'),
('ОВП 9-2', 'Администратор'),
('ОВП 9-2', 'Фельдшер'),
('ОВП 9-2', 'Администратор'),
('ОВП 9-2', 'Администратор'),
('ОВП 9-2', 'Санитарка'),
('ОВП 9-2', 'Администратор'),
('ОВП 9-2', 'Администратор'),
('ОВП 9-2', 'Помощник врача'),
('ОВП 9-2', 'Врач - акушер - гинеколог'),
('ОВП 9-2', 'Администратор'),
('ОВП 9-2', 'Медицинская сестра'),
('ОВП 9-2', 'Администратор'),
('ОВП 9-2', 'Санитарка клинической лаборатории'),
('ОВП 9-2', 'Администратор'),
('ОВП 9-2', 'Администратор'),
('ОВП 9-2', 'Администратор'),
('ОВП 9-2', 'Администратор'),
('ОВП 9-2', 'Врач - анестезиолог - реаниматолог'),
('ОВП 9-2', 'Врач - акушер - гинеколог'),
('ОВП 9-2', 'Врач ультразвуковой диагностики'),
('ОВП 9-2', 'Администратор'),
('ОВП 9-2', 'Заместитель главного врача по педиатрии, врач -педиатр'),
('ОВП 9-2', 'Врач - акушер - гинеколог'),
('ОВП 9-2', 'Врач ультразвуковой диагностики'),
('ОВП 9-2', 'Эмбриолог'),
('ОВП 9-2', 'Врач - акушер - гинеколог'),
('ОВП 9-2', 'Врач - акушер - гинеколог'),
('ОВП 9-3', 'Администратор'),
('ОВП 9-3', 'Врач клинической лабораторной диагностики'),
('ОВП 9-3', 'Администратор'),
('ОВП 9-3', 'Эмбриолог'),
('ОВП 9-3', 'Медицинская сестра'),
('ОВП 9-3', 'Руководитель проекта'),
('ОВП 9-3', 'Администратор'),
('ОВП 9-3', 'Администратор'),
('ОВП 9-3', 'Администратор'),
('ОВП 9-3', 'Администратор'),
('ОтУзСп', 'Врач ультразвуковой диагностики'),
('ОтУзСп', 'Врач - психиатр'),
('ОтУзСп', 'Врач ультразвуковой диагностики'),
('ОтУзСп', 'Врач - акушер - гинеколог'),
('ОтУзСп', 'Врач - дерматовенеролог'),
('ОтУзСп', 'Врач - дерматовенеролог'),
('ОтУзСп', 'Врач ультразвуковой диагностики'),
('ОтУзСп', 'Врач - психиатр'),
('ОтУзСп', 'Врач - хирург'),
('ОтУзСп', 'Врач - оториноларинголог'),
('ОтУзСп', 'Врач - оториноларинголог'),
('ОтУзСп', 'Врач - уролог'),
('ОтУзСп', 'Врач - офтальмолог'),
('ОтУзСп', 'Врач - психиатр - нарколог'),
('ОтУзСп', 'Врач - терапевт участковый'),
('ОтУзСп', 'Врач - психиатр - нарколог'),
('ОтУзСп', 'Врач - дерматовенеролог'),
('ОтУзСп', 'Врач ультразвуковой диагностики'),
('ОтУзСп', 'Врач - эндокринолог'),
('ОтУзСп', 'Врач - хирург'),
('ОтУзСп', 'Врач - невролог'),
('ОтУзСп', 'Врач - аллерголог - иммунолог'),
('ОтУзСп', 'Врач - уролог'),
('ОтУзСп', 'Врач - эндокринолог'),
('ОтУзСп', 'Врач - невролог'),
('ОтУзСп', 'Врач - оториноларинголог'),
('ОтУзСп', 'Врач - хирург'),
('ОтУзСп', 'Врач - психиатр - нарколог'),
('ОтУзСп', 'Врач - педиатр'),
('ОтУзСп', 'Врач - хирург'),
('ОтУзСп', 'Врач - рентгенолог'),
('ОтУзСп', 'Врач - хирург'),
('ОтУзСп', 'Врач - невролог'),
('Салон Красоты', 'Старший администратор'),
('Салон Красоты', 'Администратор'),
('Салон Красоты', 'Администратор'),
('Салон Красоты', 'Старший парикмахер'),
('Салон Красоты', 'Администратор'),
('Салон Красоты', 'Руководитель салона красоты'),
('Салон Красоты', 'массажист'),
('Салон Красоты', 'Администратор'),
('Салон Красоты', 'Руководитель салона красоты'),
('Салон Красоты', 'Дворник'),
('Салон Красоты', 'Мастер маникюра и педикюра'),
('Салон Красоты', 'Директор'),
('Салон Красоты', 'Администратор'),
('Салон Красоты', 'Мастер по маникюру'),
('Салон Красоты', 'Администратор'),
('Салон Красоты', 'Администратор'),
('Стоматологическая поликлиника', 'Врач - стоматолог - терапевт'),
('Стоматологическая поликлиника', 'Администратор'),
('Стоматологическая поликлиника', 'Старший администратор'),
('Стоматологическая поликлиника', 'Ассистент'),
('Стоматологическая поликлиника', 'Санитарка'),
('Стоматологическая поликлиника', 'Врач - стоматолог - хирург'),
('Стоматологическая поликлиника', 'Ассистент'),
('Стоматологическая поликлиника', 'Администратор'),
('Стоматологическая поликлиника', 'Администратор'),
('Стоматологическая поликлиника', 'Санитарка'),
('Стоматологическая поликлиника', 'Санитарка'),
('Стоматологическая поликлиника', 'Врач - стоматолог - терапевт'),
('Стоматологическая поликлиника', 'Финансовый директор'),
('Стоматологическая поликлиника', 'Администратор'),
('Стоматологическая поликлиника', 'Администратор'),
('Стоматологическая поликлиника', 'Инженер по медицинской технике'),
('Стоматологическая поликлиника', 'Ассистент'),
('Стоматологическая поликлиника', 'Санитарка'),
('Стоматологическая поликлиника', 'Врач - стоматолог - ортопед'),
('Стоматологическая поликлиника', 'Ассистент'),
('Стоматологическая поликлиника', 'Медицинская сестра'),
('Стоматологическая поликлиника', 'Врач - стоматолог - терапевт'),
('Стоматологическая поликлиника', 'Врач - стоматолог - терапевт'),
('Стоматологическая поликлиника', 'Санитарка'),
('Стоматологическая поликлиника', 'Директор'),
('Стоматологическая поликлиника', 'Старшая медицинская сестра'),
('Стоматологическая поликлиника', 'Врач - стоматолог - ортопед'),
('Стоматологическая поликлиника', 'Врач - стоматолог - терапевт'),
('Стоматологическая поликлиника', 'Санитарка ЦСО'),
('ФАП', 'Фельдшер'),
('ФАП', 'Фельдшер'),
('ФАП', 'Врач - терапевт'),
('ФАП', 'Фельдшер'),
('ФАП', 'Фельдшер'),
('ФАП', 'Фельдшер'),
('ФАП', 'Фельдшер'),
('ФАП', 'Фельдшер'),
('ФАП', 'Фельдшер'),
('ФАП', 'Врач - терапевт'),
('ФАП', 'Фельдшер'),
('ЦКБ', 'Разнорабочий'),
('ЦКБ', 'Медицинская сестра'),
('ЦКБ', 'Санитарка'),
('ЦКБ', 'Врач - рентгенолог'),
('ЦКБ', 'Врач - рентгенолог'),
('ЦКБ', 'Дворник'),
('ЦКБ', 'Врач - травматолог - ортопед'),
('ЦКБ', 'Врач общей практики (семейный врач)'),
('ЦКБ', 'Санитарка'),
('ЦКБ', 'Медицинская сестра'),
('ЦКБ', 'Медицинская сестра'),
('ЦКБ', 'Врач - рентгенолог'),
('ЦКБ', 'Врач - хирург'),
('ЦКБ', 'Фельдшер'),
('ЦКБ', 'Врач - оториноларинголог'),
('Подразделение', 'Должность'),
('АУП', 'PR менеджер'),
('АУП', 'PR менеджер'),
('АУП', 'PR менеджер'),
('АУП', 'PR менеджер'),
('IT-отдел', 'Web-программист'),
('Салон Красоты', 'Администратор'),
('ОВП 7', 'Администратор'),
('Стоматологическая поликлиника', 'Администратор'),
('ОВП 8', 'Администратор'),
('ОВП 3', 'Администратор'),
('ОВП 2', 'Администратор'),
('Салон Красоты', 'Администратор'),
('ОВП 9-2', 'Администратор'),
('ОВП 9-2', 'Администратор'),
('ОВП 4', 'Администратор'),
('ОВП 7', 'Администратор'),
('ОВП 9-3', 'Администратор'),
('ОВП 6', 'Администратор'),
('ОВП 9-3', 'Администратор'),
('Салон Красоты', 'Администратор'),
('ОВП 9-2', 'Администратор'),
('ОВП 3', 'Администратор'),
('ОВП 2', 'Администратор'),
('ОВП 2', 'Администратор'),
('ОВП 9-2', 'Администратор'),
('ОВП 9-3', 'Администратор'),
('ОВП 9-2', 'Администратор'),
('ОВП 9-2', 'Администратор'),
('ОВП 9-2', 'Администратор'),
('АУП', 'Администратор'),
('ОВП 2', 'Администратор'),
('ОВП 8', 'Администратор'),
('ОВП 6', 'Администратор'),
('ОВП 9-3', 'Администратор'),
('ОВП 8', 'Администратор'),
('ОВП 8', 'Администратор'),
('ОВП 9-2', 'Администратор'),
('Стоматологическая поликлиника', 'Администратор'),
('Салон Красоты', 'Администратор'),
('ОВП 7', 'Администратор'),
('Стоматологическая поликлиника', 'Администратор'),
('ОВП 9-2', 'Администратор'),
('ОВП 9-3', 'Администратор'),
('ОВП 3', 'Администратор'),
('ОВП 7', 'Администратор'),
('ОВП 7', 'Администратор'),
('ОВП 4', 'Администратор'),
('ОВП 3', 'Администратор'),
('ОВП 9-3', 'Администратор'),
('ОВП 9-2', 'Администратор'),
('ОВП 3', 'Администратор'),
('АУП', 'Администратор'),
('ОВП 7', 'Администратор'),
('Стоматологическая поликлиника', 'Администратор'),
('Стоматологическая поликлиника', 'Администратор'),
('ОВП 6', 'Администратор'),
('ОВП 2', 'Администратор'),
('ОВП 2', 'Администратор'),
('ОВП 6', 'Администратор'),
('ОВП 4', 'Администратор'),
('ОВП 2', 'Администратор'),
('ОВП 8', 'Администратор'),
('ОВП 9-2', 'Администратор'),
('ОВП 2', 'Администратор'),
('ОВП 3', 'Администратор'),
('Салон Красоты', 'Администратор'),
('ОВП 8', 'Администратор'),
('ОВП 8', 'Администратор'),
('ОВП 9-2', 'Администратор'),
('ОВП 2', 'Администратор'),
('ОВП 6', 'Администратор'),
('Лаборатория', 'Администратор'),
('ОВП 8', 'Администратор'),
('ОВП 3', 'Администратор'),
('ОВП 9-2', 'Администратор'),
('ОВП 8', 'Администратор'),
('ОВП 6', 'Администратор'),
('ОВП 9-2', 'Администратор'),
('ОВП 9-2', 'Администратор'),
('ОВП 9-2', 'Администратор'),
('Салон Красоты', 'Администратор'),
('ОВП 3', 'Администратор'),
('ОВП 9-2', 'Администратор'),
('Салон Красоты', 'Администратор'),
('ОВП 4', 'Администратор (Мед.регистратор)'),
('ОВП 2', 'Администратор (Мед.регистратор)'),
('ОВП 7', 'Администратор (Мед.регистратор)'),
('ОВП 6', 'Администратор (Мед.регистратор)'),
('АУП', 'Администратор (Мед.регистратор)'),
('ОВП 2', 'Администратор (Мед.регистратор)'),
('ОВП 4', 'Администратор (Мед.регистратор)'),
('Лаборатория', 'Администратор лаборатории'),
('Лаборатория', 'Администратор лаборатории'),
('Лаборатория', 'Администратор лаборатории'),
('Лаборатория', 'Администратор лаборатории'),
('Лаборатория', 'Администратор лаборатории'),
('Стоматологическая поликлиника', 'Ассистент'),
('Стоматологическая поликлиника', 'Ассистент'),
('Стоматологическая поликлиника', 'Ассистент'),
('Стоматологическая поликлиника', 'Ассистент'),
('АУП', 'Бухгалтер'),
('АУП', 'Бухгалтер'),
('АУП', 'Бухгалтер'),
('АУП', 'Бухгалтер'),
('АУП', 'Бухгалтер'),
('ОВП 6', 'Вахтер'),
('IT-отдел', 'Веб - архитектор'),
('ОВП 7', 'Водитель'),
('АУП', 'Водитель'),
('АУП', 'Водитель'),
('АУП', 'Водитель'),
('АУП', 'Водитель'),
('ОВП 6', 'Водитель'),
('ОВП 6', 'Водитель'),
('ОВП 3', 'Водитель'),
('ОВП 2', 'Водитель'),
('ОВП 6', 'Водитель'),
('ОВП 9', 'Водитель'),
('АУП', 'Водитель'),
('ОВП 4', 'Водитель'),
('ОВП 9-2', 'Водитель'),
('ОВП 8', 'Водитель'),
('АХЧ', 'Водитель'),
('АХЧ', 'Водитель'),
('АУП', 'Водитель'),
('ОВП 3', 'Врач - акушер - гинеколог'),
('ОВП 9-2', 'Врач - акушер - гинеколог'),
('ОВП 2', 'Врач - акушер - гинеколог'),
('ОВП 6', 'Врач - акушер - гинеколог'),
('ОВП 9-2', 'Врач - акушер - гинеколог'),
('ОтУзСп', 'Врач - акушер - гинеколог'),
('ОВП 8', 'Врач - акушер - гинеколог'),
('ОВП 9-2', 'Врач - акушер - гинеколог'),
('ОВП 8', 'Врач - акушер - гинеколог'),
('ОВП 7', 'Врач - акушер - гинеколог'),
('ОВП 7', 'Врач - акушер - гинеколог'),
('ОВП 3', 'Врач - акушер - гинеколог'),
('ОВП 4', 'Врач - акушер - гинеколог'),
('ОВП 4', 'Врач - акушер - гинеколог'),
('ОВП 9-2', 'Врач - акушер - гинеколог'),
('ОВП 9-2', 'Врач - акушер - гинеколог'),
('ОВП 8', 'Врач - акушер - гинеколог'),
('ОВП 3', 'Врач - акушер - гинеколог'),
('ОВП 6', 'Врач - акушер - гинеколог'),
('ОВП 2', 'Врач - акушер - гинеколог'),
('ОВП 2', 'Врач - акушер - гинеколог'),
('ОВП 9-2', 'Врач - акушер - гинеколог'),
('ОтУзСп', 'Врач - аллерголог - иммунолог'),
('ОВП 9-2', 'Врач - анестезиолог - реаниматолог'),
('ОВП 6', 'Врач - гастроэнтеролог'),
('ОВП 9-2', 'Врач - дерматовенеролог'),
('ОтУзСп', 'Врач - дерматовенеролог'),
('ОтУзСп', 'Врач - дерматовенеролог'),
('ОтУзСп', 'Врач - дерматовенеролог'),
('ОВП 9', 'Врач - дерматовенеролог'),
('Косметология', 'Врач - дерматовенеролог'),
('ОВП 8', 'Врач - невролог'),
('ОтУзСп', 'Врач - невролог'),
('ОтУзСп', 'Врач - невролог'),
('ОтУзСп', 'Врач - невролог'),
('ОтУзСп', 'Врач - оториноларинголог'),
('ОтУзСп', 'Врач - оториноларинголог'),
('ЦКБ', 'Врач - оториноларинголог'),
('ОтУзСп', 'Врач - оториноларинголог'),
('ОтУзСп', 'Врач - офтальмолог'),
('ОВП 9-2', 'Врач - офтальмолог'),
('ОВП 8', 'Врач - педиатр'),
('ОтУзСп', 'Врач - педиатр'),
('ОВП 3', 'Врач - педиатр'),
('ОтУзСп', 'Врач - психиатр'),
('ОтУзСп', 'Врач - психиатр'),
('ОтУзСп', 'Врач - психиатр - нарколог'),
('ОтУзСп', 'Врач - психиатр - нарколог'),
('ОВП 3', 'Врач - психиатр - нарколог'),
('ОВП 7', 'Врач - психиатр - нарколог'),
('ОтУзСп', 'Врач - психиатр - нарколог'),
('ОВП 9', 'Врач - рентгенолог'),
('ЦКБ', 'Врач - рентгенолог'),
('ЦКБ', 'Врач - рентгенолог'),
('ОВП 9', 'Врач - рентгенолог'),
('ЦКБ', 'Врач - рентгенолог'),
('ОтУзСп', 'Врач - рентгенолог'),
('ОВП 9', 'Врач - рентгенолог'),
('ОВП 9', 'Врач - рентгенолог'),
('Стоматологическая поликлиника', 'Врач - стоматолог - ортопед'),
('Стоматологическая поликлиника', 'Врач - стоматолог - ортопед'),
('Стоматологическая поликлиника', 'Врач - стоматолог - терапевт'),
('Стоматологическая поликлиника', 'Врач - стоматолог - терапевт'),
('Стоматологическая поликлиника', 'Врач - стоматолог - терапевт'),
('Стоматологическая поликлиника', 'Врач - стоматолог - терапевт'),
('Стоматологическая поликлиника', 'Врач - стоматолог - терапевт'),
('Стоматологическая поликлиника', 'Врач - стоматолог - хирург'),
('ОВП 3', 'Врач - терапевт'),
('ФАП', 'Врач - терапевт'),
('ОВП 6', 'Врач - терапевт'),
('ФАП', 'Врач - терапевт'),
('ОВП 8', 'Врач - терапевт'),
('ОтУзСп', 'Врач - терапевт участковый'),
('ЦКБ', 'Врач - травматолог - ортопед'),
('ОтУзСп', 'Врач - уролог'),
('ОтУзСп', 'Врач - уролог'),
('Косметология', 'Врач - хирург'),
('ОтУзСп', 'Врач - хирург'),
('ОтУзСп', 'Врач - хирург'),
('ОтУзСп', 'Врач - хирург'),
('ОтУзСп', 'Врач - хирург'),
('ОтУзСп', 'Врач - хирург'),
('ОВП 9', 'Врач - хирург'),
('ЦКБ', 'Врач - хирург'),
('ОтУзСп', 'Врач - эндокринолог'),
('ОтУзСп', 'Врач - эндокринолог'),
('ОВП 6', 'Врач -инфекционист'),
('ОВП 2', 'Врач -инфекционист'),
('Лаборатория', 'Врач клинической лабораторной диагностики'),
('ОВП 9-3', 'Врач клинической лабораторной диагностики'),
('Лаборатория', 'Врач клинической лабораторной диагностики'),
('Лаборатория', 'Врач клинической лабораторной диагностики'),
('Лаборатория', 'Врач клинической лабораторной диагностики'),
('АУП', 'Врач общей практики (семейный врач)'),
('ОВП 2', 'Врач общей практики (семейный врач)'),
('ОВП 4', 'Врач общей практики (семейный врач)'),
('ОВП 4', 'Врач общей практики (семейный врач)'),
('ОВП 4', 'Врач общей практики (семейный врач)'),
('ОВП 7', 'Врач общей практики (семейный врач)'),
('ОВП 6', 'Врач общей практики (семейный врач)'),
('ОВП 7', 'Врач общей практики (семейный врач)'),
('ОВП 6', 'Врач общей практики (семейный врач)'),
('ОВП 8', 'Врач общей практики (семейный врач)'),
('ОВП 7', 'Врач общей практики (семейный врач)'),
('ЦКБ', 'Врач общей практики (семейный врач)'),
('ОВП 6', 'Врач общей практики (семейный врач)'),
('ОВП 2', 'Врач общей практики (семейный врач)'),
('ОВП 7', 'Врач общей практики (семейный врач)'),
('ОВП 3', 'Врач общей практики (семейный врач)'),
('ОВП 3', 'Врач общей практики (семейный врач)'),
('ОВП 2', 'Врач общей практики (семейный врач)'),
('ОВП 9', 'Врач общей практики (семейный врач)'),
('ОВП 6', 'Врач общей практики (семейный врач)'),
('ОВП 9-2', 'Врач ультразвуковой диагностики'),
('ОтУзСп', 'Врач ультразвуковой диагностики'),
('ОтУзСп', 'Врач ультразвуковой диагностики'),
('ОВП 9-2', 'Врач ультразвуковой диагностики'),
('ОтУзСп', 'Врач ультразвуковой диагностики'),
('ОтУзСп', 'Врач ультразвуковой диагностики'),
('ОВП 2', 'Гардеробщик'),
('ОВП 6', 'Гардеробщик'),
('ОВП 6', 'Гардеробщик'),
('ОВП 6', 'Гардеробщик'),
('ОВП 7', 'Гардеробщик'),
('ОВП 7', 'Гардеробщик'),
('ОВП 2', 'Гардеробщик'),
('ОВП 6', 'Гардеробщик'),
('ОВП 6', 'Гардеробщик'),
('ОВП 6', 'Гардеробщик'),
('АУП', 'Главный бухгалтер'),
('АУП', 'Главный бухгалтер'),
('АУП', 'Главный бухгалтер'),
('АУП', 'Главный бухгалтер'),
('АУП', 'Главный бухгалтер'),
('АУП', 'Главный врач'),
('АУП', 'Главный врач'),
('ОВП 7', 'Дворник'),
('ОВП 8', 'Дворник'),
('Салон Красоты', 'Дворник'),
('ЦКБ', 'Дворник'),
('ОВП 2', 'Дворник'),
('ОВП 3', 'Дворник'),
('АУП', 'Дизайнер'),
('АУП', 'Дизайнер'),
('АУП', 'Дизайнер'),
('АУП', 'Дизайнер'),
('АУП', 'Директор'),
('АУП', 'Директор'),
('АУП', 'Директор'),
('Салон Красоты', 'Директор'),
('Стоматологическая поликлиника', 'Директор'),
('АУП', 'Директор'),
('АУП', 'Директор'),
('Call-Центр', 'Диспетчер экстренной службы'),
('АУП', 'Заведующая аптекой'),
('АУП', 'Заведующая аптекой'),
('Аптека на ул.Войкова,55', 'Заведующая аптекой'),
('АУП', 'Заведующая физио - терапевтическим отделением'),
('АХЧ', 'Заведующий административно - хозяйственной частью'),
('АХЧ', 'Заведующий административно - хозяйственной частью'),
('Лаборатория', 'Заведующий лаборатории'),
('АУП', 'Заместитель главного бухгалтера'),
('АУП', 'Заместитель главного бухгалтера'),
('АУП', 'Заместитель главного бухгалтера'),
('АУП', 'Заместитель главного бухгалтера'),
('АУП', 'Заместитель главного бухгалтера'),
('АУП', 'Заместитель главного врача'),
('АУП', 'Заместитель главного врача по контролю качества и экспертизе'),
('ОВП 9', 'Заместитель главного врача по педиатрии, врач -педиатр'),
('ОВП 9-2', 'Заместитель главного врача по педиатрии, врач -педиатр'),
('АУП', 'Заместитель директора'),
('АУП', 'Заместитель директора'),
('АУП', 'Заместитель директора'),
('АУП', 'Заместитель директора по АХЧ'),
('АУП', 'Заместитель директора по организационно-методической работе'),
('АУП', 'Заместитель директора по персоналу'),
('АУП', 'Заместитель директора по работе со страховыми компаниями'),
('Лаборатория', 'Заместитель заведующего лаборатории'),
('АХЧ', 'инженер администативно - хозяйственного отдела'),
('АХЧ', 'Инженер по медицинской технике'),
('Стоматологическая поликлиника', 'Инженер по медицинской технике'),
('IT-отдел', 'Инженер-программист'),
('Косметология', 'Косметолог'),
('Косметология', 'Косметолог'),
('Косметология', 'Косметолог'),
('Косметология', 'Косметолог'),
('ОВП 9-2', 'Лаборант'),
('Лаборатория', 'Лаборант'),
('Лаборатория', 'Лаборант'),
('Лаборатория', 'Лаборант'),
('Лаборатория', 'Лаборант'),
('Лаборатория', 'Лаборант'),
('ОВП 9-2', 'Лаборант'),
('Лаборатория', 'Лаборант-биолог'),
('Лаборатория', 'Лаборант-биолог'),
('Салон Красоты', 'массажист'),
('Салон Красоты', 'Мастер маникюра и педикюра'),
('Салон Красоты', 'Мастер по маникюру'),
('ОВП 2', 'Медицинская сестра'),
('ОВП 9-3', 'Медицинская сестра'),
('ОВП 7', 'Медицинская сестра'),
('ЦКБ', 'Медицинская сестра'),
('ОВП 3', 'Медицинская сестра'),
('ОВП 2', 'Медицинская сестра'),
('ОВП 7', 'Медицинская сестра'),
('ОВП 8', 'Медицинская сестра'),
('ОВП 3', 'Медицинская сестра'),
('ОВП 3', 'Медицинская сестра'),
('ОВП 4', 'Медицинская сестра'),
('ОВП 3', 'Медицинская сестра'),
('ОВП 7', 'Медицинская сестра'),
('ОВП 3', 'Медицинская сестра'),
('ОВП 3', 'Медицинская сестра'),
('ОВП 9-2', 'Медицинская сестра'),
('ОВП 3', 'Медицинская сестра'),
('ОВП 2', 'Медицинская сестра'),
('ЦКБ', 'Медицинская сестра'),
('ЦКБ', 'Медицинская сестра'),
('ОВП 4', 'Медицинская сестра'),
('ОВП 7', 'Медицинская сестра'),
('Стоматологическая поликлиника', 'Медицинская сестра'),
('ОВП 4', 'Медицинская сестра'),
('ОВП 3', 'Медицинская сестра'),
('ОВП 4', 'Медицинская сестра'),
('ОВП 7', 'Медицинская сестра общей практики'),
('ОВП 3', 'Медицинская сестра общей практики'),
('ОВП 3', 'Медицинская сестра общей практики'),
('ОВП 4', 'Медицинская сестра общей практики'),
('ОВП 4', 'Медицинская сестра общей практики'),
('ОВП 7', 'Медицинская сестра общей практики'),
('ОВП 2', 'Медицинская сестра общей практики'),
('ОВП 2', 'Медицинская сестра общей практики'),
('ОВП 2', 'Медицинская сестра общей практики'),
('ОВП 6', 'Медицинская сестра общей практики'),
('ОВП 4', 'Медицинская сестра общей практики'),
('ОВП 6', 'Медицинская сестра общей практики'),
('ОВП 4', 'Медицинская сестра общей практики'),
('ОВП 6', 'Медицинская сестра общей практики'),
('ОВП 8', 'Медицинская сестра общей практики'),
('ОВП 3', 'Медицинская сестра общей практики'),
('ОВП 7', 'Медицинская сестра общей практики'),
('ОВП 4', 'Медицинская сестра общей практики'),
('ОВП 2', 'Медицинская сестра общей практики'),
('ОВП 4', 'Медицинская сестра общей практики'),
('ОВП 4', 'Медицинская сестра общей практики'),
('ОВП 3', 'Медицинская сестра общей практики'),
('ОВП 2', 'Медицинская сестра по массажу'),
('Косметология', 'Медицинская сестра по массажу'),
('ОВП 7', 'Медицинская сестра по массажу'),
('АУП', 'Менеджер'),
('АУП', 'Менеджер'),
('АУП', 'Менеджер');
INSERT INTO `Новый4` (`Column1`, `Column2`) VALUES
('АУП', 'Менеджер'),
('АУП', 'Менеджер'),
('АУП', 'Менеджер'),
('АУП', 'Менеджер'),
('АУП', 'Менеджер'),
('АУП', 'Менеджер'),
('АУП', 'Менеджер'),
('АУП', 'Менеджер'),
('АУП', 'Менеджер'),
('АУП', 'Менеджер'),
('АУП', 'Менеджер'),
('АУП', 'Менеджер'),
('АУП', 'Менеджер'),
('АУП', 'Менеджер'),
('АУП', 'Менеджер по рекламе'),
('АУП', 'Менеджер по снабжению'),
('АУП', 'Менеджер по снабжению'),
('АУП', 'Менеджер по туризму'),
('АУП', 'Начальник IT-отдела'),
('IT-отдел', 'Начальник IT-отдела'),
('АУП', 'Начальник отдела АСУ'),
('АУП', 'Начальник отдела по работе с юридическими лицами'),
('АУП', 'Начальник юридического отдела'),
('АУП', 'Начальник юридического отдела'),
('АУП', 'Офис - менеджер'),
('ОВП 6', 'Помощник врача'),
('ОВП 9-2', 'Помощник врача'),
('ОВП 9-2', 'Помощник врача'),
('ОВП 7', 'Помощник семейного врача'),
('ОВП 6', 'Помощник семейного врача'),
('ОВП 4', 'Помощник семейного врача'),
('ОВП 3', 'Помощник семейного врача'),
('ОВП 7', 'Помощник семейного врача'),
('ОВП 2', 'Помощник семейного врача'),
('Аптека Б.Хмельницкого', 'Провизор'),
('IT-отдел', 'Программист'),
('IT-отдел', 'Программист 1-С'),
('ОВП 4', 'Разнорабочий'),
('ЦКБ', 'Разнорабочий'),
('АУП', 'Руководитель лаборатории  аттестации рабочих мест'),
('АУП', 'Руководитель отдела медицинского и оздоровительного туризма'),
('ОВП 9-3', 'Руководитель проекта'),
('Салон Красоты', 'Руководитель салона красоты'),
('Салон Красоты', 'Руководитель салона красоты'),
('ОВП 4', 'Санитарка'),
('ОВП 3', 'Санитарка'),
('ОВП 6', 'Санитарка'),
('ЦКБ', 'Санитарка'),
('ОВП 2', 'Санитарка'),
('Стоматологическая поликлиника', 'Санитарка'),
('ОВП 8', 'Санитарка'),
('ОВП 9-2', 'Санитарка'),
('ОВП 2', 'Санитарка'),
('Лаборатория', 'Санитарка'),
('ОВП 4', 'Санитарка'),
('Стоматологическая поликлиника', 'Санитарка'),
('ОВП 3', 'Санитарка'),
('ОВП 3', 'Санитарка'),
('Лаборатория', 'Санитарка'),
('Стоматологическая поликлиника', 'Санитарка'),
('ОВП 8', 'Санитарка'),
('ОВП 2', 'Санитарка'),
('ОВП 8', 'Санитарка'),
('ЦКБ', 'Санитарка'),
('ОВП 6', 'Санитарка'),
('ОВП 8', 'Санитарка'),
('Стоматологическая поликлиника', 'Санитарка'),
('ОВП 2', 'Санитарка'),
('ОВП 7', 'Санитарка'),
('ОВП 6', 'Санитарка'),
('ОВП 2', 'Санитарка'),
('Стоматологическая поликлиника', 'Санитарка'),
('Лаборатория', 'Санитарка'),
('Лаборатория', 'Санитарка клинической лаборатории'),
('ОВП 2', 'Санитарка клинической лаборатории'),
('ОВП 9-2', 'Санитарка клинической лаборатории'),
('Стоматологическая поликлиника', 'Санитарка ЦСО'),
('IT-отдел', 'Системный администратор'),
('АУП', 'Системный администратор'),
('АУП', 'Системный администратор'),
('АУП', 'Системный администратор'),
('ОВП 2', 'Слесарь - сантехник'),
('АУП', 'Специалист испытательной лаборатории'),
('АУП', 'Специалист испытательной лаборатории'),
('АУП', 'Специалист по кадрам'),
('АУП', 'Специалист по кадрам'),
('ОВП 4', 'Старшая медицинская сестра'),
('Стоматологическая поликлиника', 'Старшая медицинская сестра'),
('Салон Красоты', 'Старший администратор'),
('АУП', 'Старший администратор'),
('Стоматологическая поликлиника', 'Старший администратор'),
('ОВП 7', 'Старший администратор'),
('ОВП 8', 'Старший администратор'),
('АУП', 'Старший администратор'),
('Салон Красоты', 'Старший парикмахер'),
('ОВП 2', 'Сторож'),
('АУП', 'Уборщик помещений'),
('АУП', 'Фармацевт'),
('Аптека на ул.Войкова,55', 'Фармацевт'),
('Аптека ул Котовского 19', 'Фармацевт'),
('Аптека на Трифонова', 'Фармацевт'),
('Аптека ул Котовского 19', 'Фармацевт'),
('ФАП', 'Фельдшер'),
('ФАП', 'Фельдшер'),
('АУП', 'Фельдшер'),
('ФАП', 'Фельдшер'),
('ФАП', 'Фельдшер'),
('ОВП 9-2', 'Фельдшер'),
('ФАП', 'Фельдшер'),
('ФАП', 'Фельдшер'),
('ФАП', 'Фельдшер'),
('ФАП', 'Фельдшер'),
('ФАП', 'Фельдшер'),
('ЦКБ', 'Фельдшер'),
('Стоматологическая поликлиника', 'Финансовый директор'),
('АУП', 'Экономист'),
('АХЧ', 'Электрик'),
('АХЧ', 'Электрик'),
('ОВП 9-2', 'Эмбриолог'),
('ОВП 9-3', 'Эмбриолог'),
('АУП', 'Энергетик'),
('АУП', 'Юрист'),
('АУП', 'Юрист'),
('Call-Центр', 'Диспетчер экстренной службы'),
('IT-отдел', 'Системный администратор'),
('IT-отдел', 'Web-программист'),
('IT-отдел', 'Инженер-программист'),
('IT-отдел', 'Веб - архитектор'),
('IT-отдел', 'Программист 1-С'),
('IT-отдел', 'Начальник IT-отдела'),
('IT-отдел', 'Программист'),
('Аптека Б.Хмельницкого', 'Провизор'),
('Аптека на Трифонова', 'Фармацевт'),
('Аптека на ул.Войкова,55', 'Фармацевт'),
('Аптека на ул.Войкова,55', 'Заведующая аптекой'),
('Аптека ул Котовского 19', 'Фармацевт'),
('Аптека ул Котовского 19', 'Фармацевт'),
('АУП', 'Главный бухгалтер'),
('АУП', 'Фармацевт'),
('АУП', 'Заведующая аптекой'),
('АУП', 'Заместитель директора'),
('АУП', 'Заведующая аптекой'),
('АУП', 'Директор'),
('АУП', 'Менеджер'),
('АУП', 'Менеджер'),
('АУП', 'Заместитель директора по организационно-методической работе'),
('АУП', 'Дизайнер'),
('АУП', 'Менеджер по туризму'),
('АУП', 'Менеджер по снабжению'),
('АУП', 'Начальник юридического отдела'),
('АУП', 'Менеджер'),
('АУП', 'Заместитель директора по АХЧ'),
('АУП', 'Менеджер'),
('АУП', 'Специалист испытательной лаборатории'),
('АУП', 'Специалист испытательной лаборатории'),
('АУП', 'PR менеджер'),
('АУП', 'Водитель'),
('АУП', 'Менеджер'),
('АУП', 'Заместитель главного бухгалтера'),
('АУП', 'Уборщик помещений'),
('АУП', 'Заместитель директора по персоналу'),
('АУП', 'Менеджер'),
('АУП', 'Руководитель отдела медицинского и оздоровительного туризма'),
('АУП', 'Начальник отдела АСУ'),
('АУП', 'Юрист'),
('АУП', 'Начальник юридического отдела'),
('АУП', 'Менеджер'),
('АУП', 'Менеджер'),
('АУП', 'Менеджер'),
('АУП', 'Менеджер по снабжению'),
('АУП', 'Системный администратор'),
('АУП', 'Энергетик'),
('АУП', 'Менеджер'),
('АУП', 'Менеджер'),
('АУП', 'Главный бухгалтер'),
('АУП', 'Руководитель лаборатории  аттестации рабочих мест'),
('АУП', 'Директор'),
('АУП', 'PR менеджер'),
('АУП', 'Заместитель директора по работе со страховыми компаниями'),
('АУП', 'Главный бухгалтер'),
('АУП', 'Менеджер'),
('АУП', 'Бухгалтер'),
('АУП', 'Юрист'),
('АУП', 'PR менеджер'),
('АУП', 'Заместитель главного бухгалтера'),
('АУП', 'Системный администратор'),
('АУП', 'Системный администратор'),
('АУП', 'Старший администратор'),
('АУП', 'Водитель'),
('АУП', 'Заместитель директора'),
('АУП', 'Бухгалтер'),
('АУП', 'Начальник отдела по работе с юридическими лицами'),
('АУП', 'Водитель'),
('АУП', 'Специалист по кадрам'),
('АУП', 'Заместитель главного бухгалтера'),
('АУП', 'Бухгалтер'),
('АУП', 'Менеджер'),
('АУП', 'Заведующая физио - терапевтическим отделением'),
('АУП', 'PR менеджер'),
('АУП', 'Менеджер'),
('АУП', 'Бухгалтер'),
('АУП', 'Менеджер'),
('АУП', 'Специалист по кадрам'),
('АУП', 'Дизайнер'),
('АУП', 'Дизайнер'),
('АУП', 'Офис - менеджер'),
('АУП', 'Директор'),
('АУП', 'Менеджер по рекламе'),
('АУП', 'Начальник IT-отдела'),
('АУП', 'Главный бухгалтер'),
('АУП', 'Менеджер'),
('АУП', 'Дизайнер'),
('АУП', 'Главный врач'),
('АУП', 'Старший администратор'),
('АУП', 'Директор'),
('АУП', 'Администратор'),
('АУП', 'Администратор'),
('АУП', 'Врач общей практики (семейный врач)'),
('АУП', 'Главный врач'),
('АУП', 'Фельдшер'),
('АУП', 'Водитель'),
('АУП', 'Заместитель главного бухгалтера'),
('АУП', 'Бухгалтер'),
('АУП', 'Водитель'),
('АУП', 'Экономист'),
('АУП', 'Главный бухгалтер'),
('АУП', 'Водитель'),
('АУП', 'Заместитель главного бухгалтера'),
('АУП', 'Администратор (Мед.регистратор)'),
('АУП', 'Заместитель директора'),
('АУП', 'Менеджер'),
('АУП', 'Заместитель главного врача по контролю качества и экспертизе'),
('АУП', 'Заместитель главного врача'),
('АУП', 'Директор'),
('АХЧ', 'Заведующий административно - хозяйственной частью'),
('АХЧ', 'Электрик'),
('АХЧ', 'Инженер по медицинской технике'),
('АХЧ', 'Электрик'),
('АХЧ', 'Водитель'),
('АХЧ', 'Водитель'),
('АХЧ', 'инженер администативно - хозяйственного отдела'),
('АХЧ', 'Заведующий административно - хозяйственной частью'),
('Косметология', 'Косметолог'),
('Косметология', 'Косметолог'),
('Косметология', 'Врач - хирург'),
('Косметология', 'Медицинская сестра по массажу'),
('Косметология', 'Косметолог'),
('Косметология', 'Косметолог'),
('Косметология', 'Врач - дерматовенеролог'),
('Лаборатория', 'Лаборант'),
('Лаборатория', 'Лаборант'),
('Лаборатория', 'Санитарка'),
('Лаборатория', 'Врач клинической лабораторной диагностики'),
('Лаборатория', 'Лаборант-биолог'),
('Лаборатория', 'Врач клинической лабораторной диагностики'),
('Лаборатория', 'Лаборант'),
('Лаборатория', 'Санитарка клинической лаборатории'),
('Лаборатория', 'Лаборант-биолог'),
('Лаборатория', 'Лаборант'),
('Лаборатория', 'Администратор лаборатории'),
('Лаборатория', 'Лаборант'),
('Лаборатория', 'Администратор лаборатории'),
('Лаборатория', 'Санитарка'),
('Лаборатория', 'Администратор лаборатории'),
('Лаборатория', 'Администратор лаборатории'),
('Лаборатория', 'Врач клинической лабораторной диагностики'),
('Лаборатория', 'Администратор'),
('Лаборатория', 'Санитарка'),
('Лаборатория', 'Администратор лаборатории'),
('Лаборатория', 'Врач клинической лабораторной диагностики'),
('Лаборатория', 'Заместитель заведующего лаборатории'),
('Лаборатория', 'Заведующий лаборатории'),
('ОВП 2', 'Медицинская сестра по массажу'),
('ОВП 2', 'Врач - акушер - гинеколог'),
('ОВП 2', 'Администратор'),
('ОВП 2', 'Администратор'),
('ОВП 2', 'Санитарка'),
('ОВП 2', 'Слесарь - сантехник'),
('ОВП 2', 'Сторож'),
('ОВП 2', 'Санитарка клинической лаборатории'),
('ОВП 2', 'Администратор'),
('ОВП 2', 'Санитарка'),
('ОВП 2', 'Врач - акушер - гинеколог'),
('ОВП 2', 'Администратор'),
('ОВП 2', 'Врач - акушер - гинеколог'),
('ОВП 2', 'Медицинская сестра'),
('ОВП 2', 'Гардеробщик'),
('ОВП 2', 'Администратор'),
('ОВП 2', 'Санитарка'),
('ОВП 2', 'Медицинская сестра'),
('ОВП 2', 'Администратор'),
('ОВП 2', 'Дворник'),
('ОВП 2', 'Гардеробщик'),
('ОВП 2', 'Санитарка'),
('ОВП 2', 'Администратор'),
('ОВП 2', 'Администратор'),
('ОВП 2', 'Помощник семейного врача'),
('ОВП 2', 'Санитарка'),
('ОВП 2', 'Врач общей практики (семейный врач)'),
('ОВП 2', 'Администратор (Мед.регистратор)'),
('ОВП 2', 'Медицинская сестра общей практики'),
('ОВП 2', 'Медицинская сестра общей практики'),
('ОВП 2', 'Водитель'),
('ОВП 2', 'Медицинская сестра общей практики'),
('ОВП 2', 'Медицинская сестра общей практики'),
('ОВП 2', 'Медицинская сестра'),
('ОВП 2', 'Администратор (Мед.регистратор)'),
('ОВП 2', 'Врач общей практики (семейный врач)'),
('ОВП 2', 'Администратор'),
('ОВП 2', 'Врач общей практики (семейный врач)'),
('ОВП 2', 'Врач -инфекционист'),
('ОВП 3', 'Врач - акушер - гинеколог'),
('ОВП 3', 'Администратор'),
('ОВП 3', 'Медицинская сестра'),
('ОВП 3', 'Медицинская сестра'),
('ОВП 3', 'Врач - акушер - гинеколог'),
('ОВП 3', 'Санитарка'),
('ОВП 3', 'Медицинская сестра'),
('ОВП 3', 'Врач - акушер - гинеколог'),
('ОВП 3', 'Дворник'),
('ОВП 3', 'Администратор'),
('ОВП 3', 'Врач общей практики (семейный врач)'),
('ОВП 3', 'Администратор'),
('ОВП 3', 'Врач - терапевт'),
('ОВП 3', 'Санитарка'),
('ОВП 3', 'Санитарка'),
('ОВП 3', 'Медицинская сестра'),
('ОВП 3', 'Администратор'),
('ОВП 3', 'Администратор'),
('ОВП 3', 'Помощник семейного врача'),
('ОВП 3', 'Администратор'),
('ОВП 3', 'Администратор'),
('ОВП 3', 'Администратор'),
('ОВП 3', 'Медицинская сестра общей практики'),
('ОВП 3', 'Медицинская сестра общей практики'),
('ОВП 3', 'Врач - психиатр - нарколог'),
('ОВП 3', 'Медицинская сестра'),
('ОВП 3', 'Водитель'),
('ОВП 3', 'Медицинская сестра'),
('ОВП 3', 'Медицинская сестра общей практики'),
('ОВП 3', 'Медицинская сестра'),
('ОВП 3', 'Врач - педиатр'),
('ОВП 3', 'Врач общей практики (семейный врач)'),
('ОВП 3', 'Медицинская сестра'),
('ОВП 3', 'Медицинская сестра общей практики'),
('ОВП 4', 'Санитарка'),
('ОВП 4', 'Администратор'),
('ОВП 4', 'Врач общей практики (семейный врач)'),
('ОВП 4', 'Разнорабочий'),
('ОВП 4', 'Старшая медицинская сестра'),
('ОВП 4', 'Администратор'),
('ОВП 4', 'Водитель'),
('ОВП 4', 'Администратор'),
('ОВП 4', 'Медицинская сестра'),
('ОВП 4', 'Помощник семейного врача'),
('ОВП 4', 'Медицинская сестра'),
('ОВП 4', 'Санитарка'),
('ОВП 4', 'Медицинская сестра'),
('ОВП 4', 'Администратор (Мед.регистратор)'),
('ОВП 4', 'Медицинская сестра общей практики'),
('ОВП 4', 'Врач общей практики (семейный врач)'),
('ОВП 4', 'Медицинская сестра общей практики'),
('ОВП 4', 'Врач общей практики (семейный врач)'),
('ОВП 4', 'Медицинская сестра общей практики'),
('ОВП 4', 'Медицинская сестра общей практики'),
('ОВП 4', 'Врач - акушер - гинеколог'),
('ОВП 4', 'Врач - акушер - гинеколог'),
('ОВП 4', 'Медицинская сестра общей практики'),
('ОВП 4', 'Медицинская сестра общей практики'),
('ОВП 4', 'Медицинская сестра общей практики'),
('ОВП 4', 'Медицинская сестра'),
('ОВП 4', 'Администратор (Мед.регистратор)'),
('ОВП 6', 'Администратор'),
('ОВП 6', 'Врач - терапевт'),
('ОВП 6', 'Врач - гастроэнтеролог'),
('ОВП 6', 'Водитель'),
('ОВП 6', 'Вахтер'),
('ОВП 6', 'Гардеробщик'),
('ОВП 6', 'Гардеробщик'),
('ОВП 6', 'Гардеробщик'),
('ОВП 6', 'Помощник семейного врача'),
('ОВП 6', 'Администратор'),
('ОВП 6', 'Помощник врача'),
('ОВП 6', 'Гардеробщик'),
('ОВП 6', 'Гардеробщик'),
('ОВП 6', 'Администратор'),
('ОВП 6', 'Санитарка'),
('ОВП 6', 'Администратор'),
('ОВП 6', 'Санитарка'),
('ОВП 6', 'Администратор'),
('ОВП 6', 'Гардеробщик'),
('ОВП 6', 'Санитарка'),
('ОВП 6', 'Врач - акушер - гинеколог'),
('ОВП 6', 'Врач - акушер - гинеколог'),
('ОВП 6', 'Администратор'),
('ОВП 6', 'Врач -инфекционист'),
('ОВП 6', 'Водитель'),
('ОВП 6', 'Водитель'),
('ОВП 6', 'Медицинская сестра общей практики'),
('ОВП 6', 'Врач общей практики (семейный врач)'),
('ОВП 6', 'Медицинская сестра общей практики'),
('ОВП 6', 'Медицинская сестра общей практики'),
('ОВП 6', 'Администратор (Мед.регистратор)'),
('ОВП 6', 'Врач общей практики (семейный врач)'),
('ОВП 6', 'Врач общей практики (семейный врач)'),
('ОВП 6', 'Врач общей практики (семейный врач)'),
('ОВП 7', 'Водитель'),
('ОВП 7', 'Медицинская сестра'),
('ОВП 7', 'Дворник'),
('ОВП 7', 'Старший администратор'),
('ОВП 7', 'Гардеробщик'),
('ОВП 7', 'Гардеробщик'),
('ОВП 7', 'Врач - акушер - гинеколог'),
('ОВП 7', 'Врач - акушер - гинеколог'),
('ОВП 7', 'Медицинская сестра по массажу'),
('ОВП 7', 'Санитарка'),
('ОВП 7', 'Медицинская сестра'),
('ОВП 7', 'Врач общей практики (семейный врач)'),
('ОВП 7', 'Администратор'),
('ОВП 7', 'Помощник семейного врача'),
('ОВП 7', 'Администратор'),
('ОВП 7', 'Медицинская сестра'),
('ОВП 7', 'Врач общей практики (семейный врач)'),
('ОВП 7', 'Администратор'),
('ОВП 7', 'Администратор'),
('ОВП 7', 'Помощник семейного врача'),
('ОВП 7', 'Администратор'),
('ОВП 7', 'Администратор'),
('ОВП 7', 'Медицинская сестра общей практики'),
('ОВП 7', 'Медицинская сестра общей практики'),
('ОВП 7', 'Администратор (Мед.регистратор)'),
('ОВП 7', 'Врач общей практики (семейный врач)'),
('ОВП 7', 'Медицинская сестра общей практики'),
('ОВП 7', 'Медицинская сестра'),
('ОВП 7', 'Врач - психиатр - нарколог'),
('ОВП 7', 'Врач общей практики (семейный врач)'),
('ОВП 8', 'Врач - педиатр'),
('ОВП 8', 'Администратор'),
('ОВП 8', 'Дворник'),
('ОВП 8', 'Санитарка'),
('ОВП 8', 'Старший администратор'),
('ОВП 8', 'Администратор'),
('ОВП 8', 'Санитарка'),
('ОВП 8', 'Администратор'),
('ОВП 8', 'Медицинская сестра'),
('ОВП 8', 'Санитарка'),
('ОВП 8', 'Санитарка'),
('ОВП 8', 'Администратор'),
('ОВП 8', 'Администратор'),
('ОВП 8', 'Администратор'),
('ОВП 8', 'Администратор'),
('ОВП 8', 'Администратор'),
('ОВП 8', 'Врач - акушер - гинеколог'),
('ОВП 8', 'Врач - акушер - гинеколог'),
('ОВП 8', 'Врач - акушер - гинеколог'),
('ОВП 8', 'Врач - невролог'),
('ОВП 8', 'Администратор'),
('ОВП 8', 'Медицинская сестра общей практики'),
('ОВП 8', 'Врач общей практики (семейный врач)'),
('ОВП 8', 'Врач - терапевт'),
('ОВП 8', 'Водитель'),
('ОВП 9', 'Заместитель главного врача по педиатрии, врач -педиатр'),
('ОВП 9', 'Врач - рентгенолог'),
('ОВП 9', 'Водитель'),
('ОВП 9', 'Врач - дерматовенеролог'),
('ОВП 9', 'Врач - рентгенолог'),
('ОВП 9', 'Врач - хирург'),
('ОВП 9', 'Врач - рентгенолог'),
('ОВП 9', 'Врач общей практики (семейный врач)'),
('ОВП 9', 'Врач - рентгенолог'),
('ОВП 9-2', 'Врач - акушер - гинеколог'),
('ОВП 9-2', 'Врач - офтальмолог'),
('ОВП 9-2', 'Помощник врача'),
('ОВП 9-2', 'Лаборант'),
('ОВП 9-2', 'Водитель'),
('ОВП 9-2', 'Администратор'),
('ОВП 9-2', 'Администратор'),
('ОВП 9-2', 'Лаборант'),
('ОВП 9-2', 'Администратор'),
('ОВП 9-2', 'Администратор'),
('ОВП 9-2', 'Врач - дерматовенеролог'),
('ОВП 9-2', 'Администратор'),
('ОВП 9-2', 'Администратор'),
('ОВП 9-2', 'Фельдшер'),
('ОВП 9-2', 'Администратор'),
('ОВП 9-2', 'Администратор'),
('ОВП 9-2', 'Санитарка'),
('ОВП 9-2', 'Администратор'),
('ОВП 9-2', 'Администратор'),
('ОВП 9-2', 'Помощник врача'),
('ОВП 9-2', 'Врач - акушер - гинеколог'),
('ОВП 9-2', 'Администратор'),
('ОВП 9-2', 'Медицинская сестра'),
('ОВП 9-2', 'Администратор'),
('ОВП 9-2', 'Санитарка клинической лаборатории'),
('ОВП 9-2', 'Администратор'),
('ОВП 9-2', 'Администратор'),
('ОВП 9-2', 'Администратор'),
('ОВП 9-2', 'Администратор'),
('ОВП 9-2', 'Врач - анестезиолог - реаниматолог'),
('ОВП 9-2', 'Врач - акушер - гинеколог'),
('ОВП 9-2', 'Врач ультразвуковой диагностики'),
('ОВП 9-2', 'Администратор'),
('ОВП 9-2', 'Заместитель главного врача по педиатрии, врач -педиатр'),
('ОВП 9-2', 'Врач - акушер - гинеколог'),
('ОВП 9-2', 'Врач ультразвуковой диагностики'),
('ОВП 9-2', 'Эмбриолог'),
('ОВП 9-2', 'Врач - акушер - гинеколог'),
('ОВП 9-2', 'Врач - акушер - гинеколог'),
('ОВП 9-3', 'Администратор'),
('ОВП 9-3', 'Врач клинической лабораторной диагностики'),
('ОВП 9-3', 'Администратор'),
('ОВП 9-3', 'Эмбриолог'),
('ОВП 9-3', 'Медицинская сестра'),
('ОВП 9-3', 'Руководитель проекта'),
('ОВП 9-3', 'Администратор'),
('ОВП 9-3', 'Администратор'),
('ОВП 9-3', 'Администратор'),
('ОВП 9-3', 'Администратор'),
('ОтУзСп', 'Врач ультразвуковой диагностики'),
('ОтУзСп', 'Врач - психиатр'),
('ОтУзСп', 'Врач ультразвуковой диагностики'),
('ОтУзСп', 'Врач - акушер - гинеколог'),
('ОтУзСп', 'Врач - дерматовенеролог'),
('ОтУзСп', 'Врач - дерматовенеролог'),
('ОтУзСп', 'Врач ультразвуковой диагностики'),
('ОтУзСп', 'Врач - психиатр'),
('ОтУзСп', 'Врач - хирург'),
('ОтУзСп', 'Врач - оториноларинголог'),
('ОтУзСп', 'Врач - оториноларинголог'),
('ОтУзСп', 'Врач - уролог'),
('ОтУзСп', 'Врач - офтальмолог'),
('ОтУзСп', 'Врач - психиатр - нарколог'),
('ОтУзСп', 'Врач - терапевт участковый'),
('ОтУзСп', 'Врач - психиатр - нарколог'),
('ОтУзСп', 'Врач - дерматовенеролог'),
('ОтУзСп', 'Врач ультразвуковой диагностики'),
('ОтУзСп', 'Врач - эндокринолог'),
('ОтУзСп', 'Врач - хирург'),
('ОтУзСп', 'Врач - невролог'),
('ОтУзСп', 'Врач - аллерголог - иммунолог'),
('ОтУзСп', 'Врач - уролог'),
('ОтУзСп', 'Врач - эндокринолог'),
('ОтУзСп', 'Врач - невролог'),
('ОтУзСп', 'Врач - оториноларинголог'),
('ОтУзСп', 'Врач - хирург'),
('ОтУзСп', 'Врач - психиатр - нарколог'),
('ОтУзСп', 'Врач - педиатр'),
('ОтУзСп', 'Врач - хирург'),
('ОтУзСп', 'Врач - рентгенолог'),
('ОтУзСп', 'Врач - хирург'),
('ОтУзСп', 'Врач - невролог'),
('Салон Красоты', 'Старший администратор'),
('Салон Красоты', 'Администратор'),
('Салон Красоты', 'Администратор'),
('Салон Красоты', 'Старший парикмахер'),
('Салон Красоты', 'Администратор'),
('Салон Красоты', 'Руководитель салона красоты'),
('Салон Красоты', 'массажист'),
('Салон Красоты', 'Администратор'),
('Салон Красоты', 'Руководитель салона красоты'),
('Салон Красоты', 'Дворник'),
('Салон Красоты', 'Мастер маникюра и педикюра'),
('Салон Красоты', 'Директор'),
('Салон Красоты', 'Администратор'),
('Салон Красоты', 'Мастер по маникюру'),
('Салон Красоты', 'Администратор'),
('Салон Красоты', 'Администратор'),
('Стоматологическая поликлиника', 'Врач - стоматолог - терапевт'),
('Стоматологическая поликлиника', 'Администратор'),
('Стоматологическая поликлиника', 'Старший администратор'),
('Стоматологическая поликлиника', 'Ассистент'),
('Стоматологическая поликлиника', 'Санитарка'),
('Стоматологическая поликлиника', 'Врач - стоматолог - хирург'),
('Стоматологическая поликлиника', 'Ассистент'),
('Стоматологическая поликлиника', 'Администратор'),
('Стоматологическая поликлиника', 'Администратор'),
('Стоматологическая поликлиника', 'Санитарка'),
('Стоматологическая поликлиника', 'Санитарка'),
('Стоматологическая поликлиника', 'Врач - стоматолог - терапевт'),
('Стоматологическая поликлиника', 'Финансовый директор'),
('Стоматологическая поликлиника', 'Администратор'),
('Стоматологическая поликлиника', 'Администратор'),
('Стоматологическая поликлиника', 'Инженер по медицинской технике'),
('Стоматологическая поликлиника', 'Ассистент'),
('Стоматологическая поликлиника', 'Санитарка'),
('Стоматологическая поликлиника', 'Врач - стоматолог - ортопед'),
('Стоматологическая поликлиника', 'Ассистент'),
('Стоматологическая поликлиника', 'Медицинская сестра'),
('Стоматологическая поликлиника', 'Врач - стоматолог - терапевт'),
('Стоматологическая поликлиника', 'Врач - стоматолог - терапевт'),
('Стоматологическая поликлиника', 'Санитарка'),
('Стоматологическая поликлиника', 'Директор'),
('Стоматологическая поликлиника', 'Старшая медицинская сестра'),
('Стоматологическая поликлиника', 'Врач - стоматолог - ортопед'),
('Стоматологическая поликлиника', 'Врач - стоматолог - терапевт'),
('Стоматологическая поликлиника', 'Санитарка ЦСО'),
('ФАП', 'Фельдшер'),
('ФАП', 'Фельдшер'),
('ФАП', 'Врач - терапевт'),
('ФАП', 'Фельдшер'),
('ФАП', 'Фельдшер'),
('ФАП', 'Фельдшер'),
('ФАП', 'Фельдшер'),
('ФАП', 'Фельдшер'),
('ФАП', 'Фельдшер'),
('ФАП', 'Врач - терапевт'),
('ФАП', 'Фельдшер'),
('ЦКБ', 'Разнорабочий'),
('ЦКБ', 'Медицинская сестра'),
('ЦКБ', 'Санитарка'),
('ЦКБ', 'Врач - рентгенолог'),
('ЦКБ', 'Врач - рентгенолог'),
('ЦКБ', 'Дворник'),
('ЦКБ', 'Врач - травматолог - ортопед'),
('ЦКБ', 'Врач общей практики (семейный врач)'),
('ЦКБ', 'Санитарка'),
('ЦКБ', 'Медицинская сестра'),
('ЦКБ', 'Медицинская сестра'),
('ЦКБ', 'Врач - рентгенолог'),
('ЦКБ', 'Врач - хирург'),
('ЦКБ', 'Фельдшер'),
('ЦКБ', 'Врач - оториноларинголог');

/*!40101 SET CHARACTER_SET_CLIENT=@OLD_CHARACTER_SET_CLIENT */;
/*!40101 SET CHARACTER_SET_RESULTS=@OLD_CHARACTER_SET_RESULTS */;
/*!40101 SET COLLATION_CONNECTION=@OLD_COLLATION_CONNECTION */;
